user,firstName,lastName,Email,mobilePhone,AccountId
AT1,Ann,Doe,Doe11ann@gmail.com,5555555555,Ac56jkP78YG
AT2,Ann,Doe,Doe11ann@gmail.com,5555555555,Ac56jkP78YG
AT3,Ann,Doe,Doe11ann@gmail.com,5555555555,Ac56jkP78YG
AT4,Ann,Doe,Doe11ann@gmail.com,5555555555,Ac56jkP78YG
AT5,Ann,Doe,Doe11ann@gmail.com,5555555555,Ac56jkP78YG
AT6,Ann,Doe,Doe11ann@gmail.com,5555555555,Ac56jkP78YG
AT7,Ann,Doe,Doe11ann@gmail.com,5555555555,Ac56jkP78YG
AT8,Ann,Doe,Doe11ann@gmail.com,5555555555,Ac56jkP78YG
AT9,Ann,Doe,Doe11ann@gmail.com,5555555555,Ac56jkP78YG
AT10,Ann,Doe,Doe11ann@gmail.com,5555555555,Ac56jkP78YG
AT11,Ann,Doe,Doe11ann@gmail.com,5555555555,Ac56jkP78YG
AT12,Ann,Doe,Doe11ann@gmail.com,5555555555,Ac56jkP78YG
AT13,Ann,Doe,Doe11ann@gmail.com,5555555555,Ac56jkP78YG
AT14,Ann,Doe,Doe11ann@gmail.com,5555555555,Ac56jkP78YG
AT15,Ann,Doe,Doe11ann@gmail.com,5555555555,Ac56jkP78YG
AT16,Ann,Doe,Doe11ann@gmail.com,5555555555,Ac56jkP78YG
AT17,Ann,Doe,Doe11ann@gmail.com,5555555555,Ac56jkP78YG
AT18,Ann,Doe,Doe11ann@gmail.com,5555555555,Ac56jkP78YG
AT19,Ann,Doe,Doe11ann@gmail.com,5555555555,Ac56jkP78YG
AT20,Ann,Doe,Doe11ann@gmail.com,5555555555,Ac56jkP78YG
AT21,Ann,Doe,Doe11ann@gmail.com,5555555555,Ac56jkP78YG
AT22,Ann,Doe,Doe11ann@gmail.com,5555555555,Ac56jkP78YG
AT23,Ann,Doe,Doe11ann@gmail.com,5555555555,Ac56jkP78YG
AT24,Ann,Doe,Doe11ann@gmail.com,5555555555,Ac56jkP78YG
AT25,Ann,Doe,Doe11ann@gmail.com,5555555555,Ac56jkP78YG
AT26,Ann,Doe,Doe11ann@gmail.com,5555555555,Ac56jkP78YG
AT27,Ann,Doe,Doe11ann@gmail.com,5555555555,Ac56jkP78YG
AT28,Ann,Doe,Doe11ann@gmail.com,5555555555,Ac56jkP78YG
AT29,Ann,Doe,Doe11ann@gmail.com,5555555555,Ac56jkP78YG
AT30,Ann,Doe,Doe11ann@gmail.com,5555555555,Ac56jkP78YG
AT31,Ann,Doe,Doe11ann@gmail.com,5555555555,Ac56jkP78YG
AT32,Ann,Doe,Doe11ann@gmail.com,5555555555,Ac56jkP78YG
AT33,Ann,Doe,Doe11ann@gmail.com,5555555555,Ac56jkP78YG
AT34,Ann,Doe,Doe11ann@gmail.com,5555555555,Ac56jkP78YG
AT35,Ann,Doe,Doe11ann@gmail.com,5555555555,Ac56jkP78YG
AT36,Ann,Doe,Doe11ann@gmail.com,5555555555,Ac56jkP78YG
AT37,Ann,Doe,Doe11ann@gmail.com,5555555555,Ac56jkP78YG
AT38,Ann,Doe,Doe11ann@gmail.com,5555555555,Ac56jkP78YG
AT39,Ann,Doe,Doe11ann@gmail.com,5555555555,Ac56jkP78YG
AT40,Ann,Doe,Doe11ann@gmail.com,5555555555,Ac56jkP78YG
AT41,Ann,Doe,Doe11ann@gmail.com,5555555555,Ac56jkP78YG
AT42,Ann,Doe,Doe11ann@gmail.com,5555555555,Ac56jkP78YG
AT43,Ann,Doe,Doe11ann@gmail.com,5555555555,Ac56jkP78YG
AT44,Ann,Doe,Doe11ann@gmail.com,5555555555,Ac56jkP78YG
AT45,Ann,Doe,Doe11ann@gmail.com,5555555555,Ac56jkP78YG
AT46,Ann,Doe,Doe11ann@gmail.com,5555555555,Ac56jkP78YG
AT47,Ann,Doe,Doe11ann@gmail.com,5555555555,Ac56jkP78YG
AT48,Ann,Doe,Doe11ann@gmail.com,5555555555,Ac56jkP78YG
AT49,Ann,Doe,Doe11ann@gmail.com,5555555555,Ac56jkP78YG
AT50,Ann,Doe,Doe11ann@gmail.com,5555555555,Ac56jkP78YG
AT51,Ann,Doe,Doe11ann@gmail.com,5555555555,Ac56jkP78YG
AT52,Ann,Doe,Doe11ann@gmail.com,5555555555,Ac56jkP78YG
AT53,Ann,Doe,Doe11ann@gmail.com,5555555555,Ac56jkP78YG
AT54,Ann,Doe,Doe11ann@gmail.com,5555555555,Ac56jkP78YG
AT55,Ann,Doe,Doe11ann@gmail.com,5555555555,Ac56jkP78YG
AT56,Ann,Doe,Doe11ann@gmail.com,5555555555,Ac56jkP78YG
AT57,Ann,Doe,Doe11ann@gmail.com,5555555555,Ac56jkP78YG
AT58,Ann,Doe,Doe11ann@gmail.com,5555555555,Ac56jkP78YG
AT59,Ann,Doe,Doe11ann@gmail.com,5555555555,Ac56jkP78YG
AT60,Ann,Doe,Doe11ann@gmail.com,5555555555,Ac56jkP78YG
AT61,Ann,Doe,Doe11ann@gmail.com,5555555555,Ac56jkP78YG
AT62,Ann,Doe,Doe11ann@gmail.com,5555555555,Ac56jkP78YG
AT63,Ann,Doe,Doe11ann@gmail.com,5555555555,Ac56jkP78YG
AT64,Ann,Doe,Doe11ann@gmail.com,5555555555,Ac56jkP78YG
AT65,Ann,Doe,Doe11ann@gmail.com,5555555555,Ac56jkP78YG
AT66,Ann,Doe,Doe11ann@gmail.com,5555555555,Ac56jkP78YG
AT67,Ann,Doe,Doe11ann@gmail.com,5555555555,Ac56jkP78YG
AT68,Ann,Doe,Doe11ann@gmail.com,5555555555,Ac56jkP78YG
AT69,Ann,Doe,Doe11ann@gmail.com,5555555555,Ac56jkP78YG
AT70,Ann,Doe,Doe11ann@gmail.com,5555555555,Ac56jkP78YG
AT71,Ann,Doe,Doe11ann@gmail.com,5555555555,Ac56jkP78YG
AT72,Ann,Doe,Doe11ann@gmail.com,5555555555,Ac56jkP78YG
AT73,Ann,Doe,Doe11ann@gmail.com,5555555555,Ac56jkP78YG
AT74,Ann,Doe,Doe11ann@gmail.com,5555555555,Ac56jkP78YG
AT75,Ann,Doe,Doe11ann@gmail.com,5555555555,Ac56jkP78YG
AT76,Ann,Doe,Doe11ann@gmail.com,5555555555,Ac56jkP78YG
AT77,Ann,Doe,Doe11ann@gmail.com,5555555555,Ac56jkP78YG
AT78,Ann,Doe,Doe11ann@gmail.com,5555555555,Ac56jkP78YG
AT79,Ann,Doe,Doe11ann@gmail.com,5555555555,Ac56jkP78YG
AT80,Ann,Doe,Doe11ann@gmail.com,5555555555,Ac56jkP78YG
AT81,Ann,Doe,Doe11ann@gmail.com,5555555555,Ac56jkP78YG
AT82,Ann,Doe,Doe11ann@gmail.com,5555555555,Ac56jkP78YG
AT83,Ann,Doe,Doe11ann@gmail.com,5555555555,Ac56jkP78YG
AT84,Ann,Doe,Doe11ann@gmail.com,5555555555,Ac56jkP78YG
AT85,Ann,Doe,Doe11ann@gmail.com,5555555555,Ac56jkP78YG
AT86,Ann,Doe,Doe11ann@gmail.com,5555555555,Ac56jkP78YG
AT87,Ann,Doe,Doe11ann@gmail.com,5555555555,Ac56jkP78YG
AT88,Ann,Doe,Doe11ann@gmail.com,5555555555,Ac56jkP78YG
AT89,Ann,Doe,Doe11ann@gmail.com,5555555555,Ac56jkP78YG
AT90,Ann,Doe,Doe11ann@gmail.com,5555555555,Ac56jkP78YG
AT91,Ann,Doe,Doe11ann@gmail.com,5555555555,Ac56jkP78YG
AT92,Ann,Doe,Doe11ann@gmail.com,5555555555,Ac56jkP78YG
AT93,Ann,Doe,Doe11ann@gmail.com,5555555555,Ac56jkP78YG
AT94,Ann,Doe,Doe11ann@gmail.com,5555555555,Ac56jkP78YG
AT95,Ann,Doe,Doe11ann@gmail.com,5555555555,Ac56jkP78YG
AT96,Ann,Doe,Doe11ann@gmail.com,5555555555,Ac56jkP78YG
AT97,Ann,Doe,Doe11ann@gmail.com,5555555555,Ac56jkP78YG
AT98,Ann,Doe,Doe11ann@gmail.com,5555555555,Ac56jkP78YG
AT99,Ann,Doe,Doe11ann@gmail.com,5555555555,Ac56jkP78YG
AT100,Ann,Doe,Doe11ann@gmail.com,5555555555,Ac56jkP78YG
AT101,Ann,Doe,Doe11ann@gmail.com,5555555555,Ac56jkP78YG
AT102,Ann,Doe,Doe11ann@gmail.com,5555555555,Ac56jkP78YG
AT103,Ann,Doe,Doe11ann@gmail.com,5555555555,Ac56jkP78YG
AT104,Ann,Doe,Doe11ann@gmail.com,5555555555,Ac56jkP78YG
AT105,Ann,Doe,Doe11ann@gmail.com,5555555555,Ac56jkP78YG
AT106,Ann,Doe,Doe11ann@gmail.com,5555555555,Ac56jkP78YG
AT107,Ann,Doe,Doe11ann@gmail.com,5555555555,Ac56jkP78YG
AT108,Ann,Doe,Doe11ann@gmail.com,5555555555,Ac56jkP78YG
AT109,Ann,Doe,Doe11ann@gmail.com,5555555555,Ac56jkP78YG
AT110,Ann,Doe,Doe11ann@gmail.com,5555555555,Ac56jkP78YG
AT111,Ann,Doe,Doe11ann@gmail.com,5555555555,Ac56jkP78YG
AT112,Ann,Doe,Doe11ann@gmail.com,5555555555,Ac56jkP78YG
AT113,Ann,Doe,Doe11ann@gmail.com,5555555555,Ac56jkP78YG
AT114,Ann,Doe,Doe11ann@gmail.com,5555555555,Ac56jkP78YG
AT115,Ann,Doe,Doe11ann@gmail.com,5555555555,Ac56jkP78YG
AT116,Ann,Doe,Doe11ann@gmail.com,5555555555,Ac56jkP78YG
AT117,Ann,Doe,Doe11ann@gmail.com,5555555555,Ac56jkP78YG
AT118,Ann,Doe,Doe11ann@gmail.com,5555555555,Ac56jkP78YG
AT119,Ann,Doe,Doe11ann@gmail.com,5555555555,Ac56jkP78YG
AT120,Ann,Doe,Doe11ann@gmail.com,5555555555,Ac56jkP78YG
AT121,Ann,Doe,Doe11ann@gmail.com,5555555555,Ac56jkP78YG
AT122,Ann,Doe,Doe11ann@gmail.com,5555555555,Ac56jkP78YG
AT123,Ann,Doe,Doe11ann@gmail.com,5555555555,Ac56jkP78YG
AT124,Ann,Doe,Doe11ann@gmail.com,5555555555,Ac56jkP78YG
AT125,Ann,Doe,Doe11ann@gmail.com,5555555555,Ac56jkP78YG
AT126,Ann,Doe,Doe11ann@gmail.com,5555555555,Ac56jkP78YG
AT127,Ann,Doe,Doe11ann@gmail.com,5555555555,Ac56jkP78YG
AT128,Ann,Doe,Doe11ann@gmail.com,5555555555,Ac56jkP78YG
AT129,Ann,Doe,Doe11ann@gmail.com,5555555555,Ac56jkP78YG
AT130,Ann,Doe,Doe11ann@gmail.com,5555555555,Ac56jkP78YG
AT131,Ann,Doe,Doe11ann@gmail.com,5555555555,Ac56jkP78YG
AT132,Ann,Doe,Doe11ann@gmail.com,5555555555,Ac56jkP78YG
AT133,Ann,Doe,Doe11ann@gmail.com,5555555555,Ac56jkP78YG
AT134,Ann,Doe,Doe11ann@gmail.com,5555555555,Ac56jkP78YG
AT135,Ann,Doe,Doe11ann@gmail.com,5555555555,Ac56jkP78YG
AT136,Ann,Doe,Doe11ann@gmail.com,5555555555,Ac56jkP78YG
AT137,Ann,Doe,Doe11ann@gmail.com,5555555555,Ac56jkP78YG
AT138,Ann,Doe,Doe11ann@gmail.com,5555555555,Ac56jkP78YG
AT139,Ann,Doe,Doe11ann@gmail.com,5555555555,Ac56jkP78YG
AT140,Ann,Doe,Doe11ann@gmail.com,5555555555,Ac56jkP78YG
AT141,Ann,Doe,Doe11ann@gmail.com,5555555555,Ac56jkP78YG
AT142,Ann,Doe,Doe11ann@gmail.com,5555555555,Ac56jkP78YG
AT143,Ann,Doe,Doe11ann@gmail.com,5555555555,Ac56jkP78YG
AT144,Ann,Doe,Doe11ann@gmail.com,5555555555,Ac56jkP78YG
AT145,Ann,Doe,Doe11ann@gmail.com,5555555555,Ac56jkP78YG
AT146,Ann,Doe,Doe11ann@gmail.com,5555555555,Ac56jkP78YG
AT147,Ann,Doe,Doe11ann@gmail.com,5555555555,Ac56jkP78YG
AT148,Ann,Doe,Doe11ann@gmail.com,5555555555,Ac56jkP78YG
AT149,Ann,Doe,Doe11ann@gmail.com,5555555555,Ac56jkP78YG
AT150,Ann,Doe,Doe11ann@gmail.com,5555555555,Ac56jkP78YG
AT151,Ann,Doe,Doe11ann@gmail.com,5555555555,Ac56jkP78YG
AT152,Ann,Doe,Doe11ann@gmail.com,5555555555,Ac56jkP78YG
AT153,Ann,Doe,Doe11ann@gmail.com,5555555555,Ac56jkP78YG
AT154,Ann,Doe,Doe11ann@gmail.com,5555555555,Ac56jkP78YG
AT155,Ann,Doe,Doe11ann@gmail.com,5555555555,Ac56jkP78YG
AT156,Ann,Doe,Doe11ann@gmail.com,5555555555,Ac56jkP78YG
AT157,Ann,Doe,Doe11ann@gmail.com,5555555555,Ac56jkP78YG
AT158,Ann,Doe,Doe11ann@gmail.com,5555555555,Ac56jkP78YG
AT159,Ann,Doe,Doe11ann@gmail.com,5555555555,Ac56jkP78YG
AT160,Ann,Doe,Doe11ann@gmail.com,5555555555,Ac56jkP78YG
AT161,Ann,Doe,Doe11ann@gmail.com,5555555555,Ac56jkP78YG
AT162,Ann,Doe,Doe11ann@gmail.com,5555555555,Ac56jkP78YG
AT163,Ann,Doe,Doe11ann@gmail.com,5555555555,Ac56jkP78YG
AT164,Ann,Doe,Doe11ann@gmail.com,5555555555,Ac56jkP78YG
AT165,Ann,Doe,Doe11ann@gmail.com,5555555555,Ac56jkP78YG
AT166,Ann,Doe,Doe11ann@gmail.com,5555555555,Ac56jkP78YG
AT167,Ann,Doe,Doe11ann@gmail.com,5555555555,Ac56jkP78YG
AT168,Ann,Doe,Doe11ann@gmail.com,5555555555,Ac56jkP78YG
AT169,Ann,Doe,Doe11ann@gmail.com,5555555555,Ac56jkP78YG
AT170,Ann,Doe,Doe11ann@gmail.com,5555555555,Ac56jkP78YG
AT171,Ann,Doe,Doe11ann@gmail.com,5555555555,Ac56jkP78YG
AT172,Ann,Doe,Doe11ann@gmail.com,5555555555,Ac56jkP78YG
AT173,Ann,Doe,Doe11ann@gmail.com,5555555555,Ac56jkP78YG
AT174,Ann,Doe,Doe11ann@gmail.com,5555555555,Ac56jkP78YG
AT175,Ann,Doe,Doe11ann@gmail.com,5555555555,Ac56jkP78YG
AT176,Ann,Doe,Doe11ann@gmail.com,5555555555,Ac56jkP78YG
AT177,Ann,Doe,Doe11ann@gmail.com,5555555555,Ac56jkP78YG
AT178,Ann,Doe,Doe11ann@gmail.com,5555555555,Ac56jkP78YG
AT179,Ann,Doe,Doe11ann@gmail.com,5555555555,Ac56jkP78YG
AT180,Ann,Doe,Doe11ann@gmail.com,5555555555,Ac56jkP78YG
AT181,Ann,Doe,Doe11ann@gmail.com,5555555555,Ac56jkP78YG
AT182,Ann,Doe,Doe11ann@gmail.com,5555555555,Ac56jkP78YG
AT183,Ann,Doe,Doe11ann@gmail.com,5555555555,Ac56jkP78YG
AT184,Ann,Doe,Doe11ann@gmail.com,5555555555,Ac56jkP78YG
AT185,Ann,Doe,Doe11ann@gmail.com,5555555555,Ac56jkP78YG
AT186,Ann,Doe,Doe11ann@gmail.com,5555555555,Ac56jkP78YG
AT187,Ann,Doe,Doe11ann@gmail.com,5555555555,Ac56jkP78YG
AT188,Ann,Doe,Doe11ann@gmail.com,5555555555,Ac56jkP78YG
AT189,Ann,Doe,Doe11ann@gmail.com,5555555555,Ac56jkP78YG
AT190,Ann,Doe,Doe11ann@gmail.com,5555555555,Ac56jkP78YG
AT191,Ann,Doe,Doe11ann@gmail.com,5555555555,Ac56jkP78YG
AT192,Ann,Doe,Doe11ann@gmail.com,5555555555,Ac56jkP78YG
AT193,Ann,Doe,Doe11ann@gmail.com,5555555555,Ac56jkP78YG
AT194,Ann,Doe,Doe11ann@gmail.com,5555555555,Ac56jkP78YG
AT195,Ann,Doe,Doe11ann@gmail.com,5555555555,Ac56jkP78YG
AT196,Ann,Doe,Doe11ann@gmail.com,5555555555,Ac56jkP78YG
AT197,Ann,Doe,Doe11ann@gmail.com,5555555555,Ac56jkP78YG
AT198,Ann,Doe,Doe11ann@gmail.com,5555555555,Ac56jkP78YG
AT199,Ann,Doe,Doe11ann@gmail.com,5555555555,Ac56jkP78YG
AT200,Ann,Doe,Doe11ann@gmail.com,5555555555,Ac56jkP78YG
AT201,Ann,Doe,Doe11ann@gmail.com,5555555555,Ac56jkP78YG
AT202,Ann,Doe,Doe11ann@gmail.com,5555555555,Ac56jkP78YG
AT203,Ann,Doe,Doe11ann@gmail.com,5555555555,Ac56jkP78YG
AT204,Ann,Doe,Doe11ann@gmail.com,5555555555,Ac56jkP78YG
AT205,Ann,Doe,Doe11ann@gmail.com,5555555555,Ac56jkP78YG
AT206,Ann,Doe,Doe11ann@gmail.com,5555555555,Ac56jkP78YG
AT207,Ann,Doe,Doe11ann@gmail.com,5555555555,Ac56jkP78YG
AT208,Ann,Doe,Doe11ann@gmail.com,5555555555,Ac56jkP78YG
AT209,Ann,Doe,Doe11ann@gmail.com,5555555555,Ac56jkP78YG
AT210,Ann,Doe,Doe11ann@gmail.com,5555555555,Ac56jkP78YG
AT211,Ann,Doe,Doe11ann@gmail.com,5555555555,Ac56jkP78YG
AT212,Ann,Doe,Doe11ann@gmail.com,5555555555,Ac56jkP78YG
AT213,Ann,Doe,Doe11ann@gmail.com,5555555555,Ac56jkP78YG
AT214,Ann,Doe,Doe11ann@gmail.com,5555555555,Ac56jkP78YG
AT215,Ann,Doe,Doe11ann@gmail.com,5555555555,Ac56jkP78YG
AT216,Ann,Doe,Doe11ann@gmail.com,5555555555,Ac56jkP78YG
AT217,Ann,Doe,Doe11ann@gmail.com,5555555555,Ac56jkP78YG
AT218,Ann,Doe,Doe11ann@gmail.com,5555555555,Ac56jkP78YG
AT219,Ann,Doe,Doe11ann@gmail.com,5555555555,Ac56jkP78YG
AT220,Ann,Doe,Doe11ann@gmail.com,5555555555,Ac56jkP78YG
AT221,Ann,Doe,Doe11ann@gmail.com,5555555555,Ac56jkP78YG
AT222,Ann,Doe,Doe11ann@gmail.com,5555555555,Ac56jkP78YG
AT223,Ann,Doe,Doe11ann@gmail.com,5555555555,Ac56jkP78YG
AT224,Ann,Doe,Doe11ann@gmail.com,5555555555,Ac56jkP78YG
AT225,Ann,Doe,Doe11ann@gmail.com,5555555555,Ac56jkP78YG
AT226,Ann,Doe,Doe11ann@gmail.com,5555555555,Ac56jkP78YG
AT227,Ann,Doe,Doe11ann@gmail.com,5555555555,Ac56jkP78YG
AT228,Ann,Doe,Doe11ann@gmail.com,5555555555,Ac56jkP78YG
AT229,Ann,Doe,Doe11ann@gmail.com,5555555555,Ac56jkP78YG
AT230,Ann,Doe,Doe11ann@gmail.com,5555555555,Ac56jkP78YG
AT231,Ann,Doe,Doe11ann@gmail.com,5555555555,Ac56jkP78YG
AT232,Ann,Doe,Doe11ann@gmail.com,5555555555,Ac56jkP78YG
AT233,Ann,Doe,Doe11ann@gmail.com,5555555555,Ac56jkP78YG
AT234,Ann,Doe,Doe11ann@gmail.com,5555555555,Ac56jkP78YG
AT235,Ann,Doe,Doe11ann@gmail.com,5555555555,Ac56jkP78YG
AT236,Ann,Doe,Doe11ann@gmail.com,5555555555,Ac56jkP78YG
AT237,Ann,Doe,Doe11ann@gmail.com,5555555555,Ac56jkP78YG
AT238,Ann,Doe,Doe11ann@gmail.com,5555555555,Ac56jkP78YG
AT239,Ann,Doe,Doe11ann@gmail.com,5555555555,Ac56jkP78YG
AT240,Ann,Doe,Doe11ann@gmail.com,5555555555,Ac56jkP78YG
AT241,Ann,Doe,Doe11ann@gmail.com,5555555555,Ac56jkP78YG
AT242,Ann,Doe,Doe11ann@gmail.com,5555555555,Ac56jkP78YG
AT243,Ann,Doe,Doe11ann@gmail.com,5555555555,Ac56jkP78YG
AT244,Ann,Doe,Doe11ann@gmail.com,5555555555,Ac56jkP78YG
AT245,Ann,Doe,Doe11ann@gmail.com,5555555555,Ac56jkP78YG
AT246,Ann,Doe,Doe11ann@gmail.com,5555555555,Ac56jkP78YG
AT247,Ann,Doe,Doe11ann@gmail.com,5555555555,Ac56jkP78YG
AT248,Ann,Doe,Doe11ann@gmail.com,5555555555,Ac56jkP78YG
AT249,Ann,Doe,Doe11ann@gmail.com,5555555555,Ac56jkP78YG
AT250,Ann,Doe,Doe11ann@gmail.com,5555555555,Ac56jkP78YG
AT251,Ann,Doe,Doe11ann@gmail.com,5555555555,Ac56jkP78YG
AT252,Ann,Doe,Doe11ann@gmail.com,5555555555,Ac56jkP78YG
AT253,Ann,Doe,Doe11ann@gmail.com,5555555555,Ac56jkP78YG
AT254,Ann,Doe,Doe11ann@gmail.com,5555555555,Ac56jkP78YG
AT255,Ann,Doe,Doe11ann@gmail.com,5555555555,Ac56jkP78YG
AT256,Ann,Doe,Doe11ann@gmail.com,5555555555,Ac56jkP78YG
AT257,Ann,Doe,Doe11ann@gmail.com,5555555555,Ac56jkP78YG
AT258,Ann,Doe,Doe11ann@gmail.com,5555555555,Ac56jkP78YG
AT259,Ann,Doe,Doe11ann@gmail.com,5555555555,Ac56jkP78YG
AT260,Ann,Doe,Doe11ann@gmail.com,5555555555,Ac56jkP78YG
AT261,Ann,Doe,Doe11ann@gmail.com,5555555555,Ac56jkP78YG
AT262,Ann,Doe,Doe11ann@gmail.com,5555555555,Ac56jkP78YG
AT263,Ann,Doe,Doe11ann@gmail.com,5555555555,Ac56jkP78YG
AT264,Ann,Doe,Doe11ann@gmail.com,5555555555,Ac56jkP78YG
AT265,Ann,Doe,Doe11ann@gmail.com,5555555555,Ac56jkP78YG
AT266,Ann,Doe,Doe11ann@gmail.com,5555555555,Ac56jkP78YG
AT267,Ann,Doe,Doe11ann@gmail.com,5555555555,Ac56jkP78YG
AT268,Ann,Doe,Doe11ann@gmail.com,5555555555,Ac56jkP78YG
AT269,Ann,Doe,Doe11ann@gmail.com,5555555555,Ac56jkP78YG
AT270,Ann,Doe,Doe11ann@gmail.com,5555555555,Ac56jkP78YG
AT271,Ann,Doe,Doe11ann@gmail.com,5555555555,Ac56jkP78YG
AT272,Ann,Doe,Doe11ann@gmail.com,5555555555,Ac56jkP78YG
AT273,Ann,Doe,Doe11ann@gmail.com,5555555555,Ac56jkP78YG
AT274,Ann,Doe,Doe11ann@gmail.com,5555555555,Ac56jkP78YG
AT275,Ann,Doe,Doe11ann@gmail.com,5555555555,Ac56jkP78YG
AT276,Ann,Doe,Doe11ann@gmail.com,5555555555,Ac56jkP78YG
AT277,Ann,Doe,Doe11ann@gmail.com,5555555555,Ac56jkP78YG
AT278,Ann,Doe,Doe11ann@gmail.com,5555555555,Ac56jkP78YG
AT279,Ann,Doe,Doe11ann@gmail.com,5555555555,Ac56jkP78YG
AT280,Ann,Doe,Doe11ann@gmail.com,5555555555,Ac56jkP78YG
AT281,Ann,Doe,Doe11ann@gmail.com,5555555555,Ac56jkP78YG
AT282,Ann,Doe,Doe11ann@gmail.com,5555555555,Ac56jkP78YG
AT283,Ann,Doe,Doe11ann@gmail.com,5555555555,Ac56jkP78YG
AT284,Ann,Doe,Doe11ann@gmail.com,5555555555,Ac56jkP78YG
AT285,Ann,Doe,Doe11ann@gmail.com,5555555555,Ac56jkP78YG
AT286,Ann,Doe,Doe11ann@gmail.com,5555555555,Ac56jkP78YG
AT287,Ann,Doe,Doe11ann@gmail.com,5555555555,Ac56jkP78YG
AT288,Ann,Doe,Doe11ann@gmail.com,5555555555,Ac56jkP78YG
AT289,Ann,Doe,Doe11ann@gmail.com,5555555555,Ac56jkP78YG
AT290,Ann,Doe,Doe11ann@gmail.com,5555555555,Ac56jkP78YG
AT291,Ann,Doe,Doe11ann@gmail.com,5555555555,Ac56jkP78YG
AT292,Ann,Doe,Doe11ann@gmail.com,5555555555,Ac56jkP78YG
AT293,Ann,Doe,Doe11ann@gmail.com,5555555555,Ac56jkP78YG
AT294,Ann,Doe,Doe11ann@gmail.com,5555555555,Ac56jkP78YG
AT295,Ann,Doe,Doe11ann@gmail.com,5555555555,Ac56jkP78YG
AT296,Ann,Doe,Doe11ann@gmail.com,5555555555,Ac56jkP78YG
AT297,Ann,Doe,Doe11ann@gmail.com,5555555555,Ac56jkP78YG
AT298,Ann,Doe,Doe11ann@gmail.com,5555555555,Ac56jkP78YG
AT299,Ann,Doe,Doe11ann@gmail.com,5555555555,Ac56jkP78YG
AT300,Ann,Doe,Doe11ann@gmail.com,5555555555,Ac56jkP78YG
AT301,Ann,Doe,Doe11ann@gmail.com,5555555555,Ac56jkP78YG
AT302,Ann,Doe,Doe11ann@gmail.com,5555555555,Ac56jkP78YG
AT303,Ann,Doe,Doe11ann@gmail.com,5555555555,Ac56jkP78YG
AT304,Ann,Doe,Doe11ann@gmail.com,5555555555,Ac56jkP78YG
AT305,Ann,Doe,Doe11ann@gmail.com,5555555555,Ac56jkP78YG
AT306,Ann,Doe,Doe11ann@gmail.com,5555555555,Ac56jkP78YG
AT307,Ann,Doe,Doe11ann@gmail.com,5555555555,Ac56jkP78YG
AT308,Ann,Doe,Doe11ann@gmail.com,5555555555,Ac56jkP78YG
AT309,Ann,Doe,Doe11ann@gmail.com,5555555555,Ac56jkP78YG
AT310,Ann,Doe,Doe11ann@gmail.com,5555555555,Ac56jkP78YG
AT311,Ann,Doe,Doe11ann@gmail.com,5555555555,Ac56jkP78YG
AT312,Ann,Doe,Doe11ann@gmail.com,5555555555,Ac56jkP78YG
AT313,Ann,Doe,Doe11ann@gmail.com,5555555555,Ac56jkP78YG
AT314,Ann,Doe,Doe11ann@gmail.com,5555555555,Ac56jkP78YG
AT315,Ann,Doe,Doe11ann@gmail.com,5555555555,Ac56jkP78YG
AT316,Ann,Doe,Doe11ann@gmail.com,5555555555,Ac56jkP78YG
AT317,Ann,Doe,Doe11ann@gmail.com,5555555555,Ac56jkP78YG
AT318,Ann,Doe,Doe11ann@gmail.com,5555555555,Ac56jkP78YG
AT319,Ann,Doe,Doe11ann@gmail.com,5555555555,Ac56jkP78YG
AT320,Ann,Doe,Doe11ann@gmail.com,5555555555,Ac56jkP78YG
AT321,Ann,Doe,Doe11ann@gmail.com,5555555555,Ac56jkP78YG
AT322,Ann,Doe,Doe11ann@gmail.com,5555555555,Ac56jkP78YG
AT323,Ann,Doe,Doe11ann@gmail.com,5555555555,Ac56jkP78YG
AT324,Ann,Doe,Doe11ann@gmail.com,5555555555,Ac56jkP78YG
AT325,Ann,Doe,Doe11ann@gmail.com,5555555555,Ac56jkP78YG
AT326,Ann,Doe,Doe11ann@gmail.com,5555555555,Ac56jkP78YG
AT327,Ann,Doe,Doe11ann@gmail.com,5555555555,Ac56jkP78YG
AT328,Ann,Doe,Doe11ann@gmail.com,5555555555,Ac56jkP78YG
AT329,Ann,Doe,Doe11ann@gmail.com,5555555555,Ac56jkP78YG
AT330,Ann,Doe,Doe11ann@gmail.com,5555555555,Ac56jkP78YG
AT331,Ann,Doe,Doe11ann@gmail.com,5555555555,Ac56jkP78YG
AT332,Ann,Doe,Doe11ann@gmail.com,5555555555,Ac56jkP78YG
AT333,Ann,Doe,Doe11ann@gmail.com,5555555555,Ac56jkP78YG
AT334,Ann,Doe,Doe11ann@gmail.com,5555555555,Ac56jkP78YG
AT335,Ann,Doe,Doe11ann@gmail.com,5555555555,Ac56jkP78YG
AT336,Ann,Doe,Doe11ann@gmail.com,5555555555,Ac56jkP78YG
AT337,Ann,Doe,Doe11ann@gmail.com,5555555555,Ac56jkP78YG
AT338,Ann,Doe,Doe11ann@gmail.com,5555555555,Ac56jkP78YG
AT339,Ann,Doe,Doe11ann@gmail.com,5555555555,Ac56jkP78YG
AT340,Ann,Doe,Doe11ann@gmail.com,5555555555,Ac56jkP78YG
AT341,Ann,Doe,Doe11ann@gmail.com,5555555555,Ac56jkP78YG
AT342,Ann,Doe,Doe11ann@gmail.com,5555555555,Ac56jkP78YG
AT343,Ann,Doe,Doe11ann@gmail.com,5555555555,Ac56jkP78YG
AT344,Ann,Doe,Doe11ann@gmail.com,5555555555,Ac56jkP78YG
AT345,Ann,Doe,Doe11ann@gmail.com,5555555555,Ac56jkP78YG
AT346,Ann,Doe,Doe11ann@gmail.com,5555555555,Ac56jkP78YG
AT347,Ann,Doe,Doe11ann@gmail.com,5555555555,Ac56jkP78YG
AT348,Ann,Doe,Doe11ann@gmail.com,5555555555,Ac56jkP78YG
AT349,Ann,Doe,Doe11ann@gmail.com,5555555555,Ac56jkP78YG
AT350,Ann,Doe,Doe11ann@gmail.com,5555555555,Ac56jkP78YG
AT351,Ann,Doe,Doe11ann@gmail.com,5555555555,Ac56jkP78YG
AT352,Ann,Doe,Doe11ann@gmail.com,5555555555,Ac56jkP78YG
AT353,Ann,Doe,Doe11ann@gmail.com,5555555555,Ac56jkP78YG
AT354,Ann,Doe,Doe11ann@gmail.com,5555555555,Ac56jkP78YG
AT355,Ann,Doe,Doe11ann@gmail.com,5555555555,Ac56jkP78YG
AT356,Ann,Doe,Doe11ann@gmail.com,5555555555,Ac56jkP78YG
AT357,Ann,Doe,Doe11ann@gmail.com,5555555555,Ac56jkP78YG
AT358,Ann,Doe,Doe11ann@gmail.com,5555555555,Ac56jkP78YG
AT359,Ann,Doe,Doe11ann@gmail.com,5555555555,Ac56jkP78YG
AT360,Ann,Doe,Doe11ann@gmail.com,5555555555,Ac56jkP78YG
AT361,Ann,Doe,Doe11ann@gmail.com,5555555555,Ac56jkP78YG
AT362,Ann,Doe,Doe11ann@gmail.com,5555555555,Ac56jkP78YG
AT363,Ann,Doe,Doe11ann@gmail.com,5555555555,Ac56jkP78YG
AT364,Ann,Doe,Doe11ann@gmail.com,5555555555,Ac56jkP78YG
AT365,Ann,Doe,Doe11ann@gmail.com,5555555555,Ac56jkP78YG
AT366,Ann,Doe,Doe11ann@gmail.com,5555555555,Ac56jkP78YG
AT367,Ann,Doe,Doe11ann@gmail.com,5555555555,Ac56jkP78YG
AT368,Ann,Doe,Doe11ann@gmail.com,5555555555,Ac56jkP78YG
AT369,Ann,Doe,Doe11ann@gmail.com,5555555555,Ac56jkP78YG
AT370,Ann,Doe,Doe11ann@gmail.com,5555555555,Ac56jkP78YG
AT371,Ann,Doe,Doe11ann@gmail.com,5555555555,Ac56jkP78YG
AT372,Ann,Doe,Doe11ann@gmail.com,5555555555,Ac56jkP78YG
AT373,Ann,Doe,Doe11ann@gmail.com,5555555555,Ac56jkP78YG
AT374,Ann,Doe,Doe11ann@gmail.com,5555555555,Ac56jkP78YG
AT375,Ann,Doe,Doe11ann@gmail.com,5555555555,Ac56jkP78YG
AT376,Ann,Doe,Doe11ann@gmail.com,5555555555,Ac56jkP78YG
AT377,Ann,Doe,Doe11ann@gmail.com,5555555555,Ac56jkP78YG
AT378,Ann,Doe,Doe11ann@gmail.com,5555555555,Ac56jkP78YG
AT379,Ann,Doe,Doe11ann@gmail.com,5555555555,Ac56jkP78YG
AT380,Ann,Doe,Doe11ann@gmail.com,5555555555,Ac56jkP78YG
AT381,Ann,Doe,Doe11ann@gmail.com,5555555555,Ac56jkP78YG
AT382,Ann,Doe,Doe11ann@gmail.com,5555555555,Ac56jkP78YG
AT383,Ann,Doe,Doe11ann@gmail.com,5555555555,Ac56jkP78YG
AT384,Ann,Doe,Doe11ann@gmail.com,5555555555,Ac56jkP78YG
AT385,Ann,Doe,Doe11ann@gmail.com,5555555555,Ac56jkP78YG
AT386,Ann,Doe,Doe11ann@gmail.com,5555555555,Ac56jkP78YG
AT387,Ann,Doe,Doe11ann@gmail.com,5555555555,Ac56jkP78YG
AT388,Ann,Doe,Doe11ann@gmail.com,5555555555,Ac56jkP78YG
AT389,Ann,Doe,Doe11ann@gmail.com,5555555555,Ac56jkP78YG
AT390,Ann,Doe,Doe11ann@gmail.com,5555555555,Ac56jkP78YG
AT391,Ann,Doe,Doe11ann@gmail.com,5555555555,Ac56jkP78YG
AT392,Ann,Doe,Doe11ann@gmail.com,5555555555,Ac56jkP78YG
AT393,Ann,Doe,Doe11ann@gmail.com,5555555555,Ac56jkP78YG
AT394,Ann,Doe,Doe11ann@gmail.com,5555555555,Ac56jkP78YG
AT395,Ann,Doe,Doe11ann@gmail.com,5555555555,Ac56jkP78YG
AT396,Ann,Doe,Doe11ann@gmail.com,5555555555,Ac56jkP78YG
AT397,Ann,Doe,Doe11ann@gmail.com,5555555555,Ac56jkP78YG
AT398,Ann,Doe,Doe11ann@gmail.com,5555555555,Ac56jkP78YG
AT399,Ann,Doe,Doe11ann@gmail.com,5555555555,Ac56jkP78YG
AT400,Ann,Doe,Doe11ann@gmail.com,5555555555,Ac56jkP78YG
AT401,Ann,Doe,Doe11ann@gmail.com,5555555555,Ac56jkP78YG
AT402,Ann,Doe,Doe11ann@gmail.com,5555555555,Ac56jkP78YG
AT403,Ann,Doe,Doe11ann@gmail.com,5555555555,Ac56jkP78YG
AT404,Ann,Doe,Doe11ann@gmail.com,5555555555,Ac56jkP78YG
AT405,Ann,Doe,Doe11ann@gmail.com,5555555555,Ac56jkP78YG
AT406,Ann,Doe,Doe11ann@gmail.com,5555555555,Ac56jkP78YG
AT407,Ann,Doe,Doe11ann@gmail.com,5555555555,Ac56jkP78YG
AT408,Ann,Doe,Doe11ann@gmail.com,5555555555,Ac56jkP78YG
AT409,Ann,Doe,Doe11ann@gmail.com,5555555555,Ac56jkP78YG
AT410,Ann,Doe,Doe11ann@gmail.com,5555555555,Ac56jkP78YG
AT411,Ann,Doe,Doe11ann@gmail.com,5555555555,Ac56jkP78YG
AT412,Ann,Doe,Doe11ann@gmail.com,5555555555,Ac56jkP78YG
AT413,Ann,Doe,Doe11ann@gmail.com,5555555555,Ac56jkP78YG
AT414,Ann,Doe,Doe11ann@gmail.com,5555555555,Ac56jkP78YG
AT415,Ann,Doe,Doe11ann@gmail.com,5555555555,Ac56jkP78YG
AT416,Ann,Doe,Doe11ann@gmail.com,5555555555,Ac56jkP78YG
AT417,Ann,Doe,Doe11ann@gmail.com,5555555555,Ac56jkP78YG
AT418,Ann,Doe,Doe11ann@gmail.com,5555555555,Ac56jkP78YG
AT419,Ann,Doe,Doe11ann@gmail.com,5555555555,Ac56jkP78YG
AT420,Ann,Doe,Doe11ann@gmail.com,5555555555,Ac56jkP78YG
AT421,Ann,Doe,Doe11ann@gmail.com,5555555555,Ac56jkP78YG
AT422,Ann,Doe,Doe11ann@gmail.com,5555555555,Ac56jkP78YG
AT423,Ann,Doe,Doe11ann@gmail.com,5555555555,Ac56jkP78YG
AT424,Ann,Doe,Doe11ann@gmail.com,5555555555,Ac56jkP78YG
AT425,Ann,Doe,Doe11ann@gmail.com,5555555555,Ac56jkP78YG
AT426,Ann,Doe,Doe11ann@gmail.com,5555555555,Ac56jkP78YG
AT427,Ann,Doe,Doe11ann@gmail.com,5555555555,Ac56jkP78YG
AT428,Ann,Doe,Doe11ann@gmail.com,5555555555,Ac56jkP78YG
AT429,Ann,Doe,Doe11ann@gmail.com,5555555555,Ac56jkP78YG
AT430,Ann,Doe,Doe11ann@gmail.com,5555555555,Ac56jkP78YG
AT431,Ann,Doe,Doe11ann@gmail.com,5555555555,Ac56jkP78YG
AT432,Ann,Doe,Doe11ann@gmail.com,5555555555,Ac56jkP78YG
AT433,Ann,Doe,Doe11ann@gmail.com,5555555555,Ac56jkP78YG
AT434,Ann,Doe,Doe11ann@gmail.com,5555555555,Ac56jkP78YG
AT435,Ann,Doe,Doe11ann@gmail.com,5555555555,Ac56jkP78YG
AT436,Ann,Doe,Doe11ann@gmail.com,5555555555,Ac56jkP78YG
AT437,Ann,Doe,Doe11ann@gmail.com,5555555555,Ac56jkP78YG
AT438,Ann,Doe,Doe11ann@gmail.com,5555555555,Ac56jkP78YG
AT439,Ann,Doe,Doe11ann@gmail.com,5555555555,Ac56jkP78YG
AT440,Ann,Doe,Doe11ann@gmail.com,5555555555,Ac56jkP78YG
AT441,Ann,Doe,Doe11ann@gmail.com,5555555555,Ac56jkP78YG
AT442,Ann,Doe,Doe11ann@gmail.com,5555555555,Ac56jkP78YG
AT443,Ann,Doe,Doe11ann@gmail.com,5555555555,Ac56jkP78YG
AT444,Ann,Doe,Doe11ann@gmail.com,5555555555,Ac56jkP78YG
AT445,Ann,Doe,Doe11ann@gmail.com,5555555555,Ac56jkP78YG
AT446,Ann,Doe,Doe11ann@gmail.com,5555555555,Ac56jkP78YG
AT447,Ann,Doe,Doe11ann@gmail.com,5555555555,Ac56jkP78YG
AT448,Ann,Doe,Doe11ann@gmail.com,5555555555,Ac56jkP78YG
AT449,Ann,Doe,Doe11ann@gmail.com,5555555555,Ac56jkP78YG
AT450,Ann,Doe,Doe11ann@gmail.com,5555555555,Ac56jkP78YG
AT451,Ann,Doe,Doe11ann@gmail.com,5555555555,Ac56jkP78YG
AT452,Ann,Doe,Doe11ann@gmail.com,5555555555,Ac56jkP78YG
AT453,Ann,Doe,Doe11ann@gmail.com,5555555555,Ac56jkP78YG
AT454,Ann,Doe,Doe11ann@gmail.com,5555555555,Ac56jkP78YG
AT455,Ann,Doe,Doe11ann@gmail.com,5555555555,Ac56jkP78YG
AT456,Ann,Doe,Doe11ann@gmail.com,5555555555,Ac56jkP78YG
AT457,Ann,Doe,Doe11ann@gmail.com,5555555555,Ac56jkP78YG
AT458,Ann,Doe,Doe11ann@gmail.com,5555555555,Ac56jkP78YG
AT459,Ann,Doe,Doe11ann@gmail.com,5555555555,Ac56jkP78YG
AT460,Ann,Doe,Doe11ann@gmail.com,5555555555,Ac56jkP78YG
AT461,Ann,Doe,Doe11ann@gmail.com,5555555555,Ac56jkP78YG
AT462,Ann,Doe,Doe11ann@gmail.com,5555555555,Ac56jkP78YG
AT463,Ann,Doe,Doe11ann@gmail.com,5555555555,Ac56jkP78YG
AT464,Ann,Doe,Doe11ann@gmail.com,5555555555,Ac56jkP78YG
AT465,Ann,Doe,Doe11ann@gmail.com,5555555555,Ac56jkP78YG
AT466,Ann,Doe,Doe11ann@gmail.com,5555555555,Ac56jkP78YG
AT467,Ann,Doe,Doe11ann@gmail.com,5555555555,Ac56jkP78YG
AT468,Ann,Doe,Doe11ann@gmail.com,5555555555,Ac56jkP78YG
AT469,Ann,Doe,Doe11ann@gmail.com,5555555555,Ac56jkP78YG
AT470,Ann,Doe,Doe11ann@gmail.com,5555555555,Ac56jkP78YG
AT471,Ann,Doe,Doe11ann@gmail.com,5555555555,Ac56jkP78YG
AT472,Ann,Doe,Doe11ann@gmail.com,5555555555,Ac56jkP78YG
AT473,Ann,Doe,Doe11ann@gmail.com,5555555555,Ac56jkP78YG
AT474,Ann,Doe,Doe11ann@gmail.com,5555555555,Ac56jkP78YG
AT475,Ann,Doe,Doe11ann@gmail.com,5555555555,Ac56jkP78YG
AT476,Ann,Doe,Doe11ann@gmail.com,5555555555,Ac56jkP78YG
AT477,Ann,Doe,Doe11ann@gmail.com,5555555555,Ac56jkP78YG
AT478,Ann,Doe,Doe11ann@gmail.com,5555555555,Ac56jkP78YG
AT479,Ann,Doe,Doe11ann@gmail.com,5555555555,Ac56jkP78YG
AT480,Ann,Doe,Doe11ann@gmail.com,5555555555,Ac56jkP78YG
AT481,Ann,Doe,Doe11ann@gmail.com,5555555555,Ac56jkP78YG
AT482,Ann,Doe,Doe11ann@gmail.com,5555555555,Ac56jkP78YG
AT483,Ann,Doe,Doe11ann@gmail.com,5555555555,Ac56jkP78YG
AT484,Ann,Doe,Doe11ann@gmail.com,5555555555,Ac56jkP78YG
AT485,Ann,Doe,Doe11ann@gmail.com,5555555555,Ac56jkP78YG
AT486,Ann,Doe,Doe11ann@gmail.com,5555555555,Ac56jkP78YG
AT487,Ann,Doe,Doe11ann@gmail.com,5555555555,Ac56jkP78YG
AT488,Ann,Doe,Doe11ann@gmail.com,5555555555,Ac56jkP78YG
AT489,Ann,Doe,Doe11ann@gmail.com,5555555555,Ac56jkP78YG
AT490,Ann,Doe,Doe11ann@gmail.com,5555555555,Ac56jkP78YG
AT491,Ann,Doe,Doe11ann@gmail.com,5555555555,Ac56jkP78YG
AT492,Ann,Doe,Doe11ann@gmail.com,5555555555,Ac56jkP78YG
AT493,Ann,Doe,Doe11ann@gmail.com,5555555555,Ac56jkP78YG
AT494,Ann,Doe,Doe11ann@gmail.com,5555555555,Ac56jkP78YG
AT495,Ann,Doe,Doe11ann@gmail.com,5555555555,Ac56jkP78YG
AT496,Ann,Doe,Doe11ann@gmail.com,5555555555,Ac56jkP78YG
AT497,Ann,Doe,Doe11ann@gmail.com,5555555555,Ac56jkP78YG
AT498,Ann,Doe,Doe11ann@gmail.com,5555555555,Ac56jkP78YG
AT499,Ann,Doe,Doe11ann@gmail.com,5555555555,Ac56jkP78YG
AT500,Ann,Doe,Doe11ann@gmail.com,5555555555,Ac56jkP78YG
AT501,Ann,Doe,Doe11ann@gmail.com,5555555555,Ac56jkP78YG
AT502,Ann,Doe,Doe11ann@gmail.com,5555555555,Ac56jkP78YG
AT503,Ann,Doe,Doe11ann@gmail.com,5555555555,Ac56jkP78YG
AT504,Ann,Doe,Doe11ann@gmail.com,5555555555,Ac56jkP78YG
AT505,Ann,Doe,Doe11ann@gmail.com,5555555555,Ac56jkP78YG
AT506,Ann,Doe,Doe11ann@gmail.com,5555555555,Ac56jkP78YG
AT507,Ann,Doe,Doe11ann@gmail.com,5555555555,Ac56jkP78YG
AT508,Ann,Doe,Doe11ann@gmail.com,5555555555,Ac56jkP78YG
AT509,Ann,Doe,Doe11ann@gmail.com,5555555555,Ac56jkP78YG
AT510,Ann,Doe,Doe11ann@gmail.com,5555555555,Ac56jkP78YG
AT511,Ann,Doe,Doe11ann@gmail.com,5555555555,Ac56jkP78YG
AT512,Ann,Doe,Doe11ann@gmail.com,5555555555,Ac56jkP78YG
AT513,Ann,Doe,Doe11ann@gmail.com,5555555555,Ac56jkP78YG
AT514,Ann,Doe,Doe11ann@gmail.com,5555555555,Ac56jkP78YG
AT515,Ann,Doe,Doe11ann@gmail.com,5555555555,Ac56jkP78YG
AT516,Ann,Doe,Doe11ann@gmail.com,5555555555,Ac56jkP78YG
AT517,Ann,Doe,Doe11ann@gmail.com,5555555555,Ac56jkP78YG
AT518,Ann,Doe,Doe11ann@gmail.com,5555555555,Ac56jkP78YG
AT519,Ann,Doe,Doe11ann@gmail.com,5555555555,Ac56jkP78YG
AT520,Ann,Doe,Doe11ann@gmail.com,5555555555,Ac56jkP78YG
AT521,Ann,Doe,Doe11ann@gmail.com,5555555555,Ac56jkP78YG
AT522,Ann,Doe,Doe11ann@gmail.com,5555555555,Ac56jkP78YG
AT523,Ann,Doe,Doe11ann@gmail.com,5555555555,Ac56jkP78YG
AT524,Ann,Doe,Doe11ann@gmail.com,5555555555,Ac56jkP78YG
AT525,Ann,Doe,Doe11ann@gmail.com,5555555555,Ac56jkP78YG
AT526,Ann,Doe,Doe11ann@gmail.com,5555555555,Ac56jkP78YG
AT527,Ann,Doe,Doe11ann@gmail.com,5555555555,Ac56jkP78YG
AT528,Ann,Doe,Doe11ann@gmail.com,5555555555,Ac56jkP78YG
AT529,Ann,Doe,Doe11ann@gmail.com,5555555555,Ac56jkP78YG
AT530,Ann,Doe,Doe11ann@gmail.com,5555555555,Ac56jkP78YG
AT531,Ann,Doe,Doe11ann@gmail.com,5555555555,Ac56jkP78YG
AT532,Ann,Doe,Doe11ann@gmail.com,5555555555,Ac56jkP78YG
AT533,Ann,Doe,Doe11ann@gmail.com,5555555555,Ac56jkP78YG
AT534,Ann,Doe,Doe11ann@gmail.com,5555555555,Ac56jkP78YG
AT535,Ann,Doe,Doe11ann@gmail.com,5555555555,Ac56jkP78YG
AT536,Ann,Doe,Doe11ann@gmail.com,5555555555,Ac56jkP78YG
AT537,Ann,Doe,Doe11ann@gmail.com,5555555555,Ac56jkP78YG
AT538,Ann,Doe,Doe11ann@gmail.com,5555555555,Ac56jkP78YG
AT539,Ann,Doe,Doe11ann@gmail.com,5555555555,Ac56jkP78YG
AT540,Ann,Doe,Doe11ann@gmail.com,5555555555,Ac56jkP78YG
AT541,Ann,Doe,Doe11ann@gmail.com,5555555555,Ac56jkP78YG
AT542,Ann,Doe,Doe11ann@gmail.com,5555555555,Ac56jkP78YG
AT543,Ann,Doe,Doe11ann@gmail.com,5555555555,Ac56jkP78YG
AT544,Ann,Doe,Doe11ann@gmail.com,5555555555,Ac56jkP78YG
AT545,Ann,Doe,Doe11ann@gmail.com,5555555555,Ac56jkP78YG
AT546,Ann,Doe,Doe11ann@gmail.com,5555555555,Ac56jkP78YG
AT547,Ann,Doe,Doe11ann@gmail.com,5555555555,Ac56jkP78YG
AT548,Ann,Doe,Doe11ann@gmail.com,5555555555,Ac56jkP78YG
AT549,Ann,Doe,Doe11ann@gmail.com,5555555555,Ac56jkP78YG
AT550,Ann,Doe,Doe11ann@gmail.com,5555555555,Ac56jkP78YG
AT551,Ann,Doe,Doe11ann@gmail.com,5555555555,Ac56jkP78YG
AT552,Ann,Doe,Doe11ann@gmail.com,5555555555,Ac56jkP78YG
AT553,Ann,Doe,Doe11ann@gmail.com,5555555555,Ac56jkP78YG
AT554,Ann,Doe,Doe11ann@gmail.com,5555555555,Ac56jkP78YG
AT555,Ann,Doe,Doe11ann@gmail.com,5555555555,Ac56jkP78YG
AT556,Ann,Doe,Doe11ann@gmail.com,5555555555,Ac56jkP78YG
AT557,Ann,Doe,Doe11ann@gmail.com,5555555555,Ac56jkP78YG
AT558,Ann,Doe,Doe11ann@gmail.com,5555555555,Ac56jkP78YG
AT559,Ann,Doe,Doe11ann@gmail.com,5555555555,Ac56jkP78YG
AT560,Ann,Doe,Doe11ann@gmail.com,5555555555,Ac56jkP78YG
AT561,Ann,Doe,Doe11ann@gmail.com,5555555555,Ac56jkP78YG
AT562,Ann,Doe,Doe11ann@gmail.com,5555555555,Ac56jkP78YG
AT563,Ann,Doe,Doe11ann@gmail.com,5555555555,Ac56jkP78YG
AT564,Ann,Doe,Doe11ann@gmail.com,5555555555,Ac56jkP78YG
AT565,Ann,Doe,Doe11ann@gmail.com,5555555555,Ac56jkP78YG
AT566,Ann,Doe,Doe11ann@gmail.com,5555555555,Ac56jkP78YG
AT567,Ann,Doe,Doe11ann@gmail.com,5555555555,Ac56jkP78YG
AT568,Ann,Doe,Doe11ann@gmail.com,5555555555,Ac56jkP78YG
AT569,Ann,Doe,Doe11ann@gmail.com,5555555555,Ac56jkP78YG
AT570,Ann,Doe,Doe11ann@gmail.com,5555555555,Ac56jkP78YG
AT571,Ann,Doe,Doe11ann@gmail.com,5555555555,Ac56jkP78YG
AT572,Ann,Doe,Doe11ann@gmail.com,5555555555,Ac56jkP78YG
AT573,Ann,Doe,Doe11ann@gmail.com,5555555555,Ac56jkP78YG
AT574,Ann,Doe,Doe11ann@gmail.com,5555555555,Ac56jkP78YG
AT575,Ann,Doe,Doe11ann@gmail.com,5555555555,Ac56jkP78YG
AT576,Ann,Doe,Doe11ann@gmail.com,5555555555,Ac56jkP78YG
AT577,Ann,Doe,Doe11ann@gmail.com,5555555555,Ac56jkP78YG
AT578,Ann,Doe,Doe11ann@gmail.com,5555555555,Ac56jkP78YG
AT579,Ann,Doe,Doe11ann@gmail.com,5555555555,Ac56jkP78YG
AT580,Ann,Doe,Doe11ann@gmail.com,5555555555,Ac56jkP78YG
AT581,Ann,Doe,Doe11ann@gmail.com,5555555555,Ac56jkP78YG
AT582,Ann,Doe,Doe11ann@gmail.com,5555555555,Ac56jkP78YG
AT583,Ann,Doe,Doe11ann@gmail.com,5555555555,Ac56jkP78YG
AT584,Ann,Doe,Doe11ann@gmail.com,5555555555,Ac56jkP78YG
AT585,Ann,Doe,Doe11ann@gmail.com,5555555555,Ac56jkP78YG
AT586,Ann,Doe,Doe11ann@gmail.com,5555555555,Ac56jkP78YG
AT587,Ann,Doe,Doe11ann@gmail.com,5555555555,Ac56jkP78YG
AT588,Ann,Doe,Doe11ann@gmail.com,5555555555,Ac56jkP78YG
AT589,Ann,Doe,Doe11ann@gmail.com,5555555555,Ac56jkP78YG
AT590,Ann,Doe,Doe11ann@gmail.com,5555555555,Ac56jkP78YG
AT591,Ann,Doe,Doe11ann@gmail.com,5555555555,Ac56jkP78YG
AT592,Ann,Doe,Doe11ann@gmail.com,5555555555,Ac56jkP78YG
AT593,Ann,Doe,Doe11ann@gmail.com,5555555555,Ac56jkP78YG
AT594,Ann,Doe,Doe11ann@gmail.com,5555555555,Ac56jkP78YG
AT595,Ann,Doe,Doe11ann@gmail.com,5555555555,Ac56jkP78YG
AT596,Ann,Doe,Doe11ann@gmail.com,5555555555,Ac56jkP78YG
AT597,Ann,Doe,Doe11ann@gmail.com,5555555555,Ac56jkP78YG
AT598,Ann,Doe,Doe11ann@gmail.com,5555555555,Ac56jkP78YG
AT599,Ann,Doe,Doe11ann@gmail.com,5555555555,Ac56jkP78YG
AT600,Ann,Doe,Doe11ann@gmail.com,5555555555,Ac56jkP78YG
AT601,Ann,Doe,Doe11ann@gmail.com,5555555555,Ac56jkP78YG
AT602,Ann,Doe,Doe11ann@gmail.com,5555555555,Ac56jkP78YG
AT603,Ann,Doe,Doe11ann@gmail.com,5555555555,Ac56jkP78YG
AT604,Ann,Doe,Doe11ann@gmail.com,5555555555,Ac56jkP78YG
AT605,Ann,Doe,Doe11ann@gmail.com,5555555555,Ac56jkP78YG
AT606,Ann,Doe,Doe11ann@gmail.com,5555555555,Ac56jkP78YG
AT607,Ann,Doe,Doe11ann@gmail.com,5555555555,Ac56jkP78YG
AT608,Ann,Doe,Doe11ann@gmail.com,5555555555,Ac56jkP78YG
AT609,Ann,Doe,Doe11ann@gmail.com,5555555555,Ac56jkP78YG
AT610,Ann,Doe,Doe11ann@gmail.com,5555555555,Ac56jkP78YG
AT611,Ann,Doe,Doe11ann@gmail.com,5555555555,Ac56jkP78YG
AT612,Ann,Doe,Doe11ann@gmail.com,5555555555,Ac56jkP78YG
AT613,Ann,Doe,Doe11ann@gmail.com,5555555555,Ac56jkP78YG
AT614,Ann,Doe,Doe11ann@gmail.com,5555555555,Ac56jkP78YG
AT615,Ann,Doe,Doe11ann@gmail.com,5555555555,Ac56jkP78YG
AT616,Ann,Doe,Doe11ann@gmail.com,5555555555,Ac56jkP78YG
AT617,Ann,Doe,Doe11ann@gmail.com,5555555555,Ac56jkP78YG
AT618,Ann,Doe,Doe11ann@gmail.com,5555555555,Ac56jkP78YG
AT619,Ann,Doe,Doe11ann@gmail.com,5555555555,Ac56jkP78YG
AT620,Ann,Doe,Doe11ann@gmail.com,5555555555,Ac56jkP78YG
AT621,Ann,Doe,Doe11ann@gmail.com,5555555555,Ac56jkP78YG
AT622,Ann,Doe,Doe11ann@gmail.com,5555555555,Ac56jkP78YG
AT623,Ann,Doe,Doe11ann@gmail.com,5555555555,Ac56jkP78YG
AT624,Ann,Doe,Doe11ann@gmail.com,5555555555,Ac56jkP78YG
AT625,Ann,Doe,Doe11ann@gmail.com,5555555555,Ac56jkP78YG
AT626,Ann,Doe,Doe11ann@gmail.com,5555555555,Ac56jkP78YG
AT627,Ann,Doe,Doe11ann@gmail.com,5555555555,Ac56jkP78YG
AT628,Ann,Doe,Doe11ann@gmail.com,5555555555,Ac56jkP78YG
AT629,Ann,Doe,Doe11ann@gmail.com,5555555555,Ac56jkP78YG
AT630,Ann,Doe,Doe11ann@gmail.com,5555555555,Ac56jkP78YG
AT631,Ann,Doe,Doe11ann@gmail.com,5555555555,Ac56jkP78YG
AT632,Ann,Doe,Doe11ann@gmail.com,5555555555,Ac56jkP78YG
AT633,Ann,Doe,Doe11ann@gmail.com,5555555555,Ac56jkP78YG
AT634,Ann,Doe,Doe11ann@gmail.com,5555555555,Ac56jkP78YG
AT635,Ann,Doe,Doe11ann@gmail.com,5555555555,Ac56jkP78YG
AT636,Ann,Doe,Doe11ann@gmail.com,5555555555,Ac56jkP78YG
AT637,Ann,Doe,Doe11ann@gmail.com,5555555555,Ac56jkP78YG
AT638,Ann,Doe,Doe11ann@gmail.com,5555555555,Ac56jkP78YG
AT639,Ann,Doe,Doe11ann@gmail.com,5555555555,Ac56jkP78YG
AT640,Ann,Doe,Doe11ann@gmail.com,5555555555,Ac56jkP78YG
AT641,Ann,Doe,Doe11ann@gmail.com,5555555555,Ac56jkP78YG
AT642,Ann,Doe,Doe11ann@gmail.com,5555555555,Ac56jkP78YG
AT643,Ann,Doe,Doe11ann@gmail.com,5555555555,Ac56jkP78YG
AT644,Ann,Doe,Doe11ann@gmail.com,5555555555,Ac56jkP78YG
AT645,Ann,Doe,Doe11ann@gmail.com,5555555555,Ac56jkP78YG
AT646,Ann,Doe,Doe11ann@gmail.com,5555555555,Ac56jkP78YG
AT647,Ann,Doe,Doe11ann@gmail.com,5555555555,Ac56jkP78YG
AT648,Ann,Doe,Doe11ann@gmail.com,5555555555,Ac56jkP78YG
AT649,Ann,Doe,Doe11ann@gmail.com,5555555555,Ac56jkP78YG
AT650,Ann,Doe,Doe11ann@gmail.com,5555555555,Ac56jkP78YG
AT651,Ann,Doe,Doe11ann@gmail.com,5555555555,Ac56jkP78YG
AT652,Ann,Doe,Doe11ann@gmail.com,5555555555,Ac56jkP78YG
AT653,Ann,Doe,Doe11ann@gmail.com,5555555555,Ac56jkP78YG
AT654,Ann,Doe,Doe11ann@gmail.com,5555555555,Ac56jkP78YG
AT655,Ann,Doe,Doe11ann@gmail.com,5555555555,Ac56jkP78YG
AT656,Ann,Doe,Doe11ann@gmail.com,5555555555,Ac56jkP78YG
AT657,Ann,Doe,Doe11ann@gmail.com,5555555555,Ac56jkP78YG
AT658,Ann,Doe,Doe11ann@gmail.com,5555555555,Ac56jkP78YG
AT659,Ann,Doe,Doe11ann@gmail.com,5555555555,Ac56jkP78YG
AT660,Ann,Doe,Doe11ann@gmail.com,5555555555,Ac56jkP78YG
AT661,Ann,Doe,Doe11ann@gmail.com,5555555555,Ac56jkP78YG
AT662,Ann,Doe,Doe11ann@gmail.com,5555555555,Ac56jkP78YG
AT663,Ann,Doe,Doe11ann@gmail.com,5555555555,Ac56jkP78YG
AT664,Ann,Doe,Doe11ann@gmail.com,5555555555,Ac56jkP78YG
AT665,Ann,Doe,Doe11ann@gmail.com,5555555555,Ac56jkP78YG
AT666,Ann,Doe,Doe11ann@gmail.com,5555555555,Ac56jkP78YG
AT667,Ann,Doe,Doe11ann@gmail.com,5555555555,Ac56jkP78YG
AT668,Ann,Doe,Doe11ann@gmail.com,5555555555,Ac56jkP78YG
AT669,Ann,Doe,Doe11ann@gmail.com,5555555555,Ac56jkP78YG
AT670,Ann,Doe,Doe11ann@gmail.com,5555555555,Ac56jkP78YG
AT671,Ann,Doe,Doe11ann@gmail.com,5555555555,Ac56jkP78YG
AT672,Ann,Doe,Doe11ann@gmail.com,5555555555,Ac56jkP78YG
AT673,Ann,Doe,Doe11ann@gmail.com,5555555555,Ac56jkP78YG
AT674,Ann,Doe,Doe11ann@gmail.com,5555555555,Ac56jkP78YG
AT675,Ann,Doe,Doe11ann@gmail.com,5555555555,Ac56jkP78YG
AT676,Ann,Doe,Doe11ann@gmail.com,5555555555,Ac56jkP78YG
AT677,Ann,Doe,Doe11ann@gmail.com,5555555555,Ac56jkP78YG
AT678,Ann,Doe,Doe11ann@gmail.com,5555555555,Ac56jkP78YG
AT679,Ann,Doe,Doe11ann@gmail.com,5555555555,Ac56jkP78YG
AT680,Ann,Doe,Doe11ann@gmail.com,5555555555,Ac56jkP78YG
AT681,Ann,Doe,Doe11ann@gmail.com,5555555555,Ac56jkP78YG
AT682,Ann,Doe,Doe11ann@gmail.com,5555555555,Ac56jkP78YG
AT683,Ann,Doe,Doe11ann@gmail.com,5555555555,Ac56jkP78YG
AT684,Ann,Doe,Doe11ann@gmail.com,5555555555,Ac56jkP78YG
AT685,Ann,Doe,Doe11ann@gmail.com,5555555555,Ac56jkP78YG
AT686,Ann,Doe,Doe11ann@gmail.com,5555555555,Ac56jkP78YG
AT687,Ann,Doe,Doe11ann@gmail.com,5555555555,Ac56jkP78YG
AT688,Ann,Doe,Doe11ann@gmail.com,5555555555,Ac56jkP78YG
AT689,Ann,Doe,Doe11ann@gmail.com,5555555555,Ac56jkP78YG
AT690,Ann,Doe,Doe11ann@gmail.com,5555555555,Ac56jkP78YG
AT691,Ann,Doe,Doe11ann@gmail.com,5555555555,Ac56jkP78YG
AT692,Ann,Doe,Doe11ann@gmail.com,5555555555,Ac56jkP78YG
AT693,Ann,Doe,Doe11ann@gmail.com,5555555555,Ac56jkP78YG
AT694,Ann,Doe,Doe11ann@gmail.com,5555555555,Ac56jkP78YG
AT695,Ann,Doe,Doe11ann@gmail.com,5555555555,Ac56jkP78YG
AT696,Ann,Doe,Doe11ann@gmail.com,5555555555,Ac56jkP78YG
AT697,Ann,Doe,Doe11ann@gmail.com,5555555555,Ac56jkP78YG
AT698,Ann,Doe,Doe11ann@gmail.com,5555555555,Ac56jkP78YG
AT699,Ann,Doe,Doe11ann@gmail.com,5555555555,Ac56jkP78YG
AT700,Ann,Doe,Doe11ann@gmail.com,5555555555,Ac56jkP78YG
AT701,Ann,Doe,Doe11ann@gmail.com,5555555555,Ac56jkP78YG
AT702,Ann,Doe,Doe11ann@gmail.com,5555555555,Ac56jkP78YG
AT703,Ann,Doe,Doe11ann@gmail.com,5555555555,Ac56jkP78YG
AT704,Ann,Doe,Doe11ann@gmail.com,5555555555,Ac56jkP78YG
AT705,Ann,Doe,Doe11ann@gmail.com,5555555555,Ac56jkP78YG
AT706,Ann,Doe,Doe11ann@gmail.com,5555555555,Ac56jkP78YG
AT707,Ann,Doe,Doe11ann@gmail.com,5555555555,Ac56jkP78YG
AT708,Ann,Doe,Doe11ann@gmail.com,5555555555,Ac56jkP78YG
AT709,Ann,Doe,Doe11ann@gmail.com,5555555555,Ac56jkP78YG
AT710,Ann,Doe,Doe11ann@gmail.com,5555555555,Ac56jkP78YG
AT711,Ann,Doe,Doe11ann@gmail.com,5555555555,Ac56jkP78YG
AT712,Ann,Doe,Doe11ann@gmail.com,5555555555,Ac56jkP78YG
AT713,Ann,Doe,Doe11ann@gmail.com,5555555555,Ac56jkP78YG
AT714,Ann,Doe,Doe11ann@gmail.com,5555555555,Ac56jkP78YG
AT715,Ann,Doe,Doe11ann@gmail.com,5555555555,Ac56jkP78YG
AT716,Ann,Doe,Doe11ann@gmail.com,5555555555,Ac56jkP78YG
AT717,Ann,Doe,Doe11ann@gmail.com,5555555555,Ac56jkP78YG
AT718,Ann,Doe,Doe11ann@gmail.com,5555555555,Ac56jkP78YG
AT719,Ann,Doe,Doe11ann@gmail.com,5555555555,Ac56jkP78YG
AT720,Ann,Doe,Doe11ann@gmail.com,5555555555,Ac56jkP78YG
AT721,Ann,Doe,Doe11ann@gmail.com,5555555555,Ac56jkP78YG
AT722,Ann,Doe,Doe11ann@gmail.com,5555555555,Ac56jkP78YG
AT723,Ann,Doe,Doe11ann@gmail.com,5555555555,Ac56jkP78YG
AT724,Ann,Doe,Doe11ann@gmail.com,5555555555,Ac56jkP78YG
AT725,Ann,Doe,Doe11ann@gmail.com,5555555555,Ac56jkP78YG
AT726,Ann,Doe,Doe11ann@gmail.com,5555555555,Ac56jkP78YG
AT727,Ann,Doe,Doe11ann@gmail.com,5555555555,Ac56jkP78YG
AT728,Ann,Doe,Doe11ann@gmail.com,5555555555,Ac56jkP78YG
AT729,Ann,Doe,Doe11ann@gmail.com,5555555555,Ac56jkP78YG
AT730,Ann,Doe,Doe11ann@gmail.com,5555555555,Ac56jkP78YG
AT731,Ann,Doe,Doe11ann@gmail.com,5555555555,Ac56jkP78YG
AT732,Ann,Doe,Doe11ann@gmail.com,5555555555,Ac56jkP78YG
AT733,Ann,Doe,Doe11ann@gmail.com,5555555555,Ac56jkP78YG
AT734,Ann,Doe,Doe11ann@gmail.com,5555555555,Ac56jkP78YG
AT735,Ann,Doe,Doe11ann@gmail.com,5555555555,Ac56jkP78YG
AT736,Ann,Doe,Doe11ann@gmail.com,5555555555,Ac56jkP78YG
AT737,Ann,Doe,Doe11ann@gmail.com,5555555555,Ac56jkP78YG
AT738,Ann,Doe,Doe11ann@gmail.com,5555555555,Ac56jkP78YG
AT739,Ann,Doe,Doe11ann@gmail.com,5555555555,Ac56jkP78YG
AT740,Ann,Doe,Doe11ann@gmail.com,5555555555,Ac56jkP78YG
AT741,Ann,Doe,Doe11ann@gmail.com,5555555555,Ac56jkP78YG
AT742,Ann,Doe,Doe11ann@gmail.com,5555555555,Ac56jkP78YG
AT743,Ann,Doe,Doe11ann@gmail.com,5555555555,Ac56jkP78YG
AT744,Ann,Doe,Doe11ann@gmail.com,5555555555,Ac56jkP78YG
AT745,Ann,Doe,Doe11ann@gmail.com,5555555555,Ac56jkP78YG
AT746,Ann,Doe,Doe11ann@gmail.com,5555555555,Ac56jkP78YG
AT747,Ann,Doe,Doe11ann@gmail.com,5555555555,Ac56jkP78YG
AT748,Ann,Doe,Doe11ann@gmail.com,5555555555,Ac56jkP78YG
AT749,Ann,Doe,Doe11ann@gmail.com,5555555555,Ac56jkP78YG
AT750,Ann,Doe,Doe11ann@gmail.com,5555555555,Ac56jkP78YG
AT751,Ann,Doe,Doe11ann@gmail.com,5555555555,Ac56jkP78YG
AT752,Ann,Doe,Doe11ann@gmail.com,5555555555,Ac56jkP78YG
AT753,Ann,Doe,Doe11ann@gmail.com,5555555555,Ac56jkP78YG
AT754,Ann,Doe,Doe11ann@gmail.com,5555555555,Ac56jkP78YG
AT755,Ann,Doe,Doe11ann@gmail.com,5555555555,Ac56jkP78YG
AT756,Ann,Doe,Doe11ann@gmail.com,5555555555,Ac56jkP78YG
AT757,Ann,Doe,Doe11ann@gmail.com,5555555555,Ac56jkP78YG
AT758,Ann,Doe,Doe11ann@gmail.com,5555555555,Ac56jkP78YG
AT759,Ann,Doe,Doe11ann@gmail.com,5555555555,Ac56jkP78YG
AT760,Ann,Doe,Doe11ann@gmail.com,5555555555,Ac56jkP78YG
AT761,Ann,Doe,Doe11ann@gmail.com,5555555555,Ac56jkP78YG
AT762,Ann,Doe,Doe11ann@gmail.com,5555555555,Ac56jkP78YG
AT763,Ann,Doe,Doe11ann@gmail.com,5555555555,Ac56jkP78YG
AT764,Ann,Doe,Doe11ann@gmail.com,5555555555,Ac56jkP78YG
AT765,Ann,Doe,Doe11ann@gmail.com,5555555555,Ac56jkP78YG
AT766,Ann,Doe,Doe11ann@gmail.com,5555555555,Ac56jkP78YG
AT767,Ann,Doe,Doe11ann@gmail.com,5555555555,Ac56jkP78YG
AT768,Ann,Doe,Doe11ann@gmail.com,5555555555,Ac56jkP78YG
AT769,Ann,Doe,Doe11ann@gmail.com,5555555555,Ac56jkP78YG
AT770,Ann,Doe,Doe11ann@gmail.com,5555555555,Ac56jkP78YG
AT771,Ann,Doe,Doe11ann@gmail.com,5555555555,Ac56jkP78YG
AT772,Ann,Doe,Doe11ann@gmail.com,5555555555,Ac56jkP78YG
AT773,Ann,Doe,Doe11ann@gmail.com,5555555555,Ac56jkP78YG
AT774,Ann,Doe,Doe11ann@gmail.com,5555555555,Ac56jkP78YG
AT775,Ann,Doe,Doe11ann@gmail.com,5555555555,Ac56jkP78YG
AT776,Ann,Doe,Doe11ann@gmail.com,5555555555,Ac56jkP78YG
AT777,Ann,Doe,Doe11ann@gmail.com,5555555555,Ac56jkP78YG
AT778,Ann,Doe,Doe11ann@gmail.com,5555555555,Ac56jkP78YG
AT779,Ann,Doe,Doe11ann@gmail.com,5555555555,Ac56jkP78YG
AT780,Ann,Doe,Doe11ann@gmail.com,5555555555,Ac56jkP78YG
AT781,Ann,Doe,Doe11ann@gmail.com,5555555555,Ac56jkP78YG
AT782,Ann,Doe,Doe11ann@gmail.com,5555555555,Ac56jkP78YG
AT783,Ann,Doe,Doe11ann@gmail.com,5555555555,Ac56jkP78YG
AT784,Ann,Doe,Doe11ann@gmail.com,5555555555,Ac56jkP78YG
AT785,Ann,Doe,Doe11ann@gmail.com,5555555555,Ac56jkP78YG
AT786,Ann,Doe,Doe11ann@gmail.com,5555555555,Ac56jkP78YG
AT787,Ann,Doe,Doe11ann@gmail.com,5555555555,Ac56jkP78YG
AT788,Ann,Doe,Doe11ann@gmail.com,5555555555,Ac56jkP78YG
AT789,Ann,Doe,Doe11ann@gmail.com,5555555555,Ac56jkP78YG
AT790,Ann,Doe,Doe11ann@gmail.com,5555555555,Ac56jkP78YG
AT791,Ann,Doe,Doe11ann@gmail.com,5555555555,Ac56jkP78YG
AT792,Ann,Doe,Doe11ann@gmail.com,5555555555,Ac56jkP78YG
AT793,Ann,Doe,Doe11ann@gmail.com,5555555555,Ac56jkP78YG
AT794,Ann,Doe,Doe11ann@gmail.com,5555555555,Ac56jkP78YG
AT795,Ann,Doe,Doe11ann@gmail.com,5555555555,Ac56jkP78YG
AT796,Ann,Doe,Doe11ann@gmail.com,5555555555,Ac56jkP78YG
AT797,Ann,Doe,Doe11ann@gmail.com,5555555555,Ac56jkP78YG
AT798,Ann,Doe,Doe11ann@gmail.com,5555555555,Ac56jkP78YG
AT799,Ann,Doe,Doe11ann@gmail.com,5555555555,Ac56jkP78YG
AT800,Ann,Doe,Doe11ann@gmail.com,5555555555,Ac56jkP78YG
AT801,Ann,Doe,Doe11ann@gmail.com,5555555555,Ac56jkP78YG
AT802,Ann,Doe,Doe11ann@gmail.com,5555555555,Ac56jkP78YG
AT803,Ann,Doe,Doe11ann@gmail.com,5555555555,Ac56jkP78YG
AT804,Ann,Doe,Doe11ann@gmail.com,5555555555,Ac56jkP78YG
AT805,Ann,Doe,Doe11ann@gmail.com,5555555555,Ac56jkP78YG
AT806,Ann,Doe,Doe11ann@gmail.com,5555555555,Ac56jkP78YG
AT807,Ann,Doe,Doe11ann@gmail.com,5555555555,Ac56jkP78YG
AT808,Ann,Doe,Doe11ann@gmail.com,5555555555,Ac56jkP78YG
AT809,Ann,Doe,Doe11ann@gmail.com,5555555555,Ac56jkP78YG
AT810,Ann,Doe,Doe11ann@gmail.com,5555555555,Ac56jkP78YG
AT811,Ann,Doe,Doe11ann@gmail.com,5555555555,Ac56jkP78YG
AT812,Ann,Doe,Doe11ann@gmail.com,5555555555,Ac56jkP78YG
AT813,Ann,Doe,Doe11ann@gmail.com,5555555555,Ac56jkP78YG
AT814,Ann,Doe,Doe11ann@gmail.com,5555555555,Ac56jkP78YG
AT815,Ann,Doe,Doe11ann@gmail.com,5555555555,Ac56jkP78YG
AT816,Ann,Doe,Doe11ann@gmail.com,5555555555,Ac56jkP78YG
AT817,Ann,Doe,Doe11ann@gmail.com,5555555555,Ac56jkP78YG
AT818,Ann,Doe,Doe11ann@gmail.com,5555555555,Ac56jkP78YG
AT819,Ann,Doe,Doe11ann@gmail.com,5555555555,Ac56jkP78YG
AT820,Ann,Doe,Doe11ann@gmail.com,5555555555,Ac56jkP78YG
AT821,Ann,Doe,Doe11ann@gmail.com,5555555555,Ac56jkP78YG
AT822,Ann,Doe,Doe11ann@gmail.com,5555555555,Ac56jkP78YG
AT823,Ann,Doe,Doe11ann@gmail.com,5555555555,Ac56jkP78YG
AT824,Ann,Doe,Doe11ann@gmail.com,5555555555,Ac56jkP78YG
AT825,Ann,Doe,Doe11ann@gmail.com,5555555555,Ac56jkP78YG
AT826,Ann,Doe,Doe11ann@gmail.com,5555555555,Ac56jkP78YG
AT827,Ann,Doe,Doe11ann@gmail.com,5555555555,Ac56jkP78YG
AT828,Ann,Doe,Doe11ann@gmail.com,5555555555,Ac56jkP78YG
AT829,Ann,Doe,Doe11ann@gmail.com,5555555555,Ac56jkP78YG
AT830,Ann,Doe,Doe11ann@gmail.com,5555555555,Ac56jkP78YG
AT831,Ann,Doe,Doe11ann@gmail.com,5555555555,Ac56jkP78YG
AT832,Ann,Doe,Doe11ann@gmail.com,5555555555,Ac56jkP78YG
AT833,Ann,Doe,Doe11ann@gmail.com,5555555555,Ac56jkP78YG
AT834,Ann,Doe,Doe11ann@gmail.com,5555555555,Ac56jkP78YG
AT835,Ann,Doe,Doe11ann@gmail.com,5555555555,Ac56jkP78YG
AT836,Ann,Doe,Doe11ann@gmail.com,5555555555,Ac56jkP78YG
AT837,Ann,Doe,Doe11ann@gmail.com,5555555555,Ac56jkP78YG
AT838,Ann,Doe,Doe11ann@gmail.com,5555555555,Ac56jkP78YG
AT839,Ann,Doe,Doe11ann@gmail.com,5555555555,Ac56jkP78YG
AT840,Ann,Doe,Doe11ann@gmail.com,5555555555,Ac56jkP78YG
AT841,Ann,Doe,Doe11ann@gmail.com,5555555555,Ac56jkP78YG
AT842,Ann,Doe,Doe11ann@gmail.com,5555555555,Ac56jkP78YG
AT843,Ann,Doe,Doe11ann@gmail.com,5555555555,Ac56jkP78YG
AT844,Ann,Doe,Doe11ann@gmail.com,5555555555,Ac56jkP78YG
AT845,Ann,Doe,Doe11ann@gmail.com,5555555555,Ac56jkP78YG
AT846,Ann,Doe,Doe11ann@gmail.com,5555555555,Ac56jkP78YG
AT847,Ann,Doe,Doe11ann@gmail.com,5555555555,Ac56jkP78YG
AT848,Ann,Doe,Doe11ann@gmail.com,5555555555,Ac56jkP78YG
AT849,Ann,Doe,Doe11ann@gmail.com,5555555555,Ac56jkP78YG
AT850,Ann,Doe,Doe11ann@gmail.com,5555555555,Ac56jkP78YG
AT851,Ann,Doe,Doe11ann@gmail.com,5555555555,Ac56jkP78YG
AT852,Ann,Doe,Doe11ann@gmail.com,5555555555,Ac56jkP78YG
AT853,Ann,Doe,Doe11ann@gmail.com,5555555555,Ac56jkP78YG
AT854,Ann,Doe,Doe11ann@gmail.com,5555555555,Ac56jkP78YG
AT855,Ann,Doe,Doe11ann@gmail.com,5555555555,Ac56jkP78YG
AT856,Ann,Doe,Doe11ann@gmail.com,5555555555,Ac56jkP78YG
AT857,Ann,Doe,Doe11ann@gmail.com,5555555555,Ac56jkP78YG
AT858,Ann,Doe,Doe11ann@gmail.com,5555555555,Ac56jkP78YG
AT859,Ann,Doe,Doe11ann@gmail.com,5555555555,Ac56jkP78YG
AT860,Ann,Doe,Doe11ann@gmail.com,5555555555,Ac56jkP78YG
AT861,Ann,Doe,Doe11ann@gmail.com,5555555555,Ac56jkP78YG
AT862,Ann,Doe,Doe11ann@gmail.com,5555555555,Ac56jkP78YG
AT863,Ann,Doe,Doe11ann@gmail.com,5555555555,Ac56jkP78YG
AT864,Ann,Doe,Doe11ann@gmail.com,5555555555,Ac56jkP78YG
AT865,Ann,Doe,Doe11ann@gmail.com,5555555555,Ac56jkP78YG
AT866,Ann,Doe,Doe11ann@gmail.com,5555555555,Ac56jkP78YG
AT867,Ann,Doe,Doe11ann@gmail.com,5555555555,Ac56jkP78YG
AT868,Ann,Doe,Doe11ann@gmail.com,5555555555,Ac56jkP78YG
AT869,Ann,Doe,Doe11ann@gmail.com,5555555555,Ac56jkP78YG
AT870,Ann,Doe,Doe11ann@gmail.com,5555555555,Ac56jkP78YG
AT871,Ann,Doe,Doe11ann@gmail.com,5555555555,Ac56jkP78YG
AT872,Ann,Doe,Doe11ann@gmail.com,5555555555,Ac56jkP78YG
AT873,Ann,Doe,Doe11ann@gmail.com,5555555555,Ac56jkP78YG
AT874,Ann,Doe,Doe11ann@gmail.com,5555555555,Ac56jkP78YG
AT875,Ann,Doe,Doe11ann@gmail.com,5555555555,Ac56jkP78YG
AT876,Ann,Doe,Doe11ann@gmail.com,5555555555,Ac56jkP78YG
AT877,Ann,Doe,Doe11ann@gmail.com,5555555555,Ac56jkP78YG
AT878,Ann,Doe,Doe11ann@gmail.com,5555555555,Ac56jkP78YG
AT879,Ann,Doe,Doe11ann@gmail.com,5555555555,Ac56jkP78YG
AT880,Ann,Doe,Doe11ann@gmail.com,5555555555,Ac56jkP78YG
AT881,Ann,Doe,Doe11ann@gmail.com,5555555555,Ac56jkP78YG
AT882,Ann,Doe,Doe11ann@gmail.com,5555555555,Ac56jkP78YG
AT883,Ann,Doe,Doe11ann@gmail.com,5555555555,Ac56jkP78YG
AT884,Ann,Doe,Doe11ann@gmail.com,5555555555,Ac56jkP78YG
AT885,Ann,Doe,Doe11ann@gmail.com,5555555555,Ac56jkP78YG
AT886,Ann,Doe,Doe11ann@gmail.com,5555555555,Ac56jkP78YG
AT887,Ann,Doe,Doe11ann@gmail.com,5555555555,Ac56jkP78YG
AT888,Ann,Doe,Doe11ann@gmail.com,5555555555,Ac56jkP78YG
AT889,Ann,Doe,Doe11ann@gmail.com,5555555555,Ac56jkP78YG
AT890,Ann,Doe,Doe11ann@gmail.com,5555555555,Ac56jkP78YG
AT891,Ann,Doe,Doe11ann@gmail.com,5555555555,Ac56jkP78YG
AT892,Ann,Doe,Doe11ann@gmail.com,5555555555,Ac56jkP78YG
AT893,Ann,Doe,Doe11ann@gmail.com,5555555555,Ac56jkP78YG
AT894,Ann,Doe,Doe11ann@gmail.com,5555555555,Ac56jkP78YG
AT895,Ann,Doe,Doe11ann@gmail.com,5555555555,Ac56jkP78YG
AT896,Ann,Doe,Doe11ann@gmail.com,5555555555,Ac56jkP78YG
AT897,Ann,Doe,Doe11ann@gmail.com,5555555555,Ac56jkP78YG
AT898,Ann,Doe,Doe11ann@gmail.com,5555555555,Ac56jkP78YG
AT899,Ann,Doe,Doe11ann@gmail.com,5555555555,Ac56jkP78YG
AT900,Ann,Doe,Doe11ann@gmail.com,5555555555,Ac56jkP78YG
AT901,Ann,Doe,Doe11ann@gmail.com,5555555555,Ac56jkP78YG
AT902,Ann,Doe,Doe11ann@gmail.com,5555555555,Ac56jkP78YG
AT903,Ann,Doe,Doe11ann@gmail.com,5555555555,Ac56jkP78YG
AT904,Ann,Doe,Doe11ann@gmail.com,5555555555,Ac56jkP78YG
AT905,Ann,Doe,Doe11ann@gmail.com,5555555555,Ac56jkP78YG
AT906,Ann,Doe,Doe11ann@gmail.com,5555555555,Ac56jkP78YG
AT907,Ann,Doe,Doe11ann@gmail.com,5555555555,Ac56jkP78YG
AT908,Ann,Doe,Doe11ann@gmail.com,5555555555,Ac56jkP78YG
AT909,Ann,Doe,Doe11ann@gmail.com,5555555555,Ac56jkP78YG
AT910,Ann,Doe,Doe11ann@gmail.com,5555555555,Ac56jkP78YG
AT911,Ann,Doe,Doe11ann@gmail.com,5555555555,Ac56jkP78YG
AT912,Ann,Doe,Doe11ann@gmail.com,5555555555,Ac56jkP78YG
AT913,Ann,Doe,Doe11ann@gmail.com,5555555555,Ac56jkP78YG
AT914,Ann,Doe,Doe11ann@gmail.com,5555555555,Ac56jkP78YG
AT915,Ann,Doe,Doe11ann@gmail.com,5555555555,Ac56jkP78YG
AT916,Ann,Doe,Doe11ann@gmail.com,5555555555,Ac56jkP78YG
AT917,Ann,Doe,Doe11ann@gmail.com,5555555555,Ac56jkP78YG
AT918,Ann,Doe,Doe11ann@gmail.com,5555555555,Ac56jkP78YG
AT919,Ann,Doe,Doe11ann@gmail.com,5555555555,Ac56jkP78YG
AT920,Ann,Doe,Doe11ann@gmail.com,5555555555,Ac56jkP78YG
AT921,Ann,Doe,Doe11ann@gmail.com,5555555555,Ac56jkP78YG
AT922,Ann,Doe,Doe11ann@gmail.com,5555555555,Ac56jkP78YG
AT923,Ann,Doe,Doe11ann@gmail.com,5555555555,Ac56jkP78YG
AT924,Ann,Doe,Doe11ann@gmail.com,5555555555,Ac56jkP78YG
AT925,Ann,Doe,Doe11ann@gmail.com,5555555555,Ac56jkP78YG
AT926,Ann,Doe,Doe11ann@gmail.com,5555555555,Ac56jkP78YG
AT927,Ann,Doe,Doe11ann@gmail.com,5555555555,Ac56jkP78YG
AT928,Ann,Doe,Doe11ann@gmail.com,5555555555,Ac56jkP78YG
AT929,Ann,Doe,Doe11ann@gmail.com,5555555555,Ac56jkP78YG
AT930,Ann,Doe,Doe11ann@gmail.com,5555555555,Ac56jkP78YG
AT931,Ann,Doe,Doe11ann@gmail.com,5555555555,Ac56jkP78YG
AT932,Ann,Doe,Doe11ann@gmail.com,5555555555,Ac56jkP78YG
AT933,Ann,Doe,Doe11ann@gmail.com,5555555555,Ac56jkP78YG
AT934,Ann,Doe,Doe11ann@gmail.com,5555555555,Ac56jkP78YG
AT935,Ann,Doe,Doe11ann@gmail.com,5555555555,Ac56jkP78YG
AT936,Ann,Doe,Doe11ann@gmail.com,5555555555,Ac56jkP78YG
AT937,Ann,Doe,Doe11ann@gmail.com,5555555555,Ac56jkP78YG
AT938,Ann,Doe,Doe11ann@gmail.com,5555555555,Ac56jkP78YG
AT939,Ann,Doe,Doe11ann@gmail.com,5555555555,Ac56jkP78YG
AT940,Ann,Doe,Doe11ann@gmail.com,5555555555,Ac56jkP78YG
AT941,Ann,Doe,Doe11ann@gmail.com,5555555555,Ac56jkP78YG
AT942,Ann,Doe,Doe11ann@gmail.com,5555555555,Ac56jkP78YG
AT943,Ann,Doe,Doe11ann@gmail.com,5555555555,Ac56jkP78YG
AT944,Ann,Doe,Doe11ann@gmail.com,5555555555,Ac56jkP78YG
AT945,Ann,Doe,Doe11ann@gmail.com,5555555555,Ac56jkP78YG
AT946,Ann,Doe,Doe11ann@gmail.com,5555555555,Ac56jkP78YG
AT947,Ann,Doe,Doe11ann@gmail.com,5555555555,Ac56jkP78YG
AT948,Ann,Doe,Doe11ann@gmail.com,5555555555,Ac56jkP78YG
AT949,Ann,Doe,Doe11ann@gmail.com,5555555555,Ac56jkP78YG
AT950,Ann,Doe,Doe11ann@gmail.com,5555555555,Ac56jkP78YG
AT951,Ann,Doe,Doe11ann@gmail.com,5555555555,Ac56jkP78YG
AT952,Ann,Doe,Doe11ann@gmail.com,5555555555,Ac56jkP78YG
AT953,Ann,Doe,Doe11ann@gmail.com,5555555555,Ac56jkP78YG
AT954,Ann,Doe,Doe11ann@gmail.com,5555555555,Ac56jkP78YG
AT955,Ann,Doe,Doe11ann@gmail.com,5555555555,Ac56jkP78YG
AT956,Ann,Doe,Doe11ann@gmail.com,5555555555,Ac56jkP78YG
AT957,Ann,Doe,Doe11ann@gmail.com,5555555555,Ac56jkP78YG
AT958,Ann,Doe,Doe11ann@gmail.com,5555555555,Ac56jkP78YG
AT959,Ann,Doe,Doe11ann@gmail.com,5555555555,Ac56jkP78YG
AT960,Ann,Doe,Doe11ann@gmail.com,5555555555,Ac56jkP78YG
AT961,Ann,Doe,Doe11ann@gmail.com,5555555555,Ac56jkP78YG
AT962,Ann,Doe,Doe11ann@gmail.com,5555555555,Ac56jkP78YG
AT963,Ann,Doe,Doe11ann@gmail.com,5555555555,Ac56jkP78YG
AT964,Ann,Doe,Doe11ann@gmail.com,5555555555,Ac56jkP78YG
AT965,Ann,Doe,Doe11ann@gmail.com,5555555555,Ac56jkP78YG
AT966,Ann,Doe,Doe11ann@gmail.com,5555555555,Ac56jkP78YG
AT967,Ann,Doe,Doe11ann@gmail.com,5555555555,Ac56jkP78YG
AT968,Ann,Doe,Doe11ann@gmail.com,5555555555,Ac56jkP78YG
AT969,Ann,Doe,Doe11ann@gmail.com,5555555555,Ac56jkP78YG
AT970,Ann,Doe,Doe11ann@gmail.com,5555555555,Ac56jkP78YG
AT971,Ann,Doe,Doe11ann@gmail.com,5555555555,Ac56jkP78YG
AT972,Ann,Doe,Doe11ann@gmail.com,5555555555,Ac56jkP78YG
AT973,Ann,Doe,Doe11ann@gmail.com,5555555555,Ac56jkP78YG
AT974,Ann,Doe,Doe11ann@gmail.com,5555555555,Ac56jkP78YG
AT975,Ann,Doe,Doe11ann@gmail.com,5555555555,Ac56jkP78YG
AT976,Ann,Doe,Doe11ann@gmail.com,5555555555,Ac56jkP78YG
AT977,Ann,Doe,Doe11ann@gmail.com,5555555555,Ac56jkP78YG
AT978,Ann,Doe,Doe11ann@gmail.com,5555555555,Ac56jkP78YG
AT979,Ann,Doe,Doe11ann@gmail.com,5555555555,Ac56jkP78YG
AT980,Ann,Doe,Doe11ann@gmail.com,5555555555,Ac56jkP78YG
AT981,Ann,Doe,Doe11ann@gmail.com,5555555555,Ac56jkP78YG
AT982,Ann,Doe,Doe11ann@gmail.com,5555555555,Ac56jkP78YG
AT983,Ann,Doe,Doe11ann@gmail.com,5555555555,Ac56jkP78YG
AT984,Ann,Doe,Doe11ann@gmail.com,5555555555,Ac56jkP78YG
AT985,Ann,Doe,Doe11ann@gmail.com,5555555555,Ac56jkP78YG
AT986,Ann,Doe,Doe11ann@gmail.com,5555555555,Ac56jkP78YG
AT987,Ann,Doe,Doe11ann@gmail.com,5555555555,Ac56jkP78YG
AT988,Ann,Doe,Doe11ann@gmail.com,5555555555,Ac56jkP78YG
AT989,Ann,Doe,Doe11ann@gmail.com,5555555555,Ac56jkP78YG
AT990,Ann,Doe,Doe11ann@gmail.com,5555555555,Ac56jkP78YG
AT991,Ann,Doe,Doe11ann@gmail.com,5555555555,Ac56jkP78YG
AT992,Ann,Doe,Doe11ann@gmail.com,5555555555,Ac56jkP78YG
AT993,Ann,Doe,Doe11ann@gmail.com,5555555555,Ac56jkP78YG
AT994,Ann,Doe,Doe11ann@gmail.com,5555555555,Ac56jkP78YG
AT995,Ann,Doe,Doe11ann@gmail.com,5555555555,Ac56jkP78YG
AT996,Ann,Doe,Doe11ann@gmail.com,5555555555,Ac56jkP78YG
AT997,Ann,Doe,Doe11ann@gmail.com,5555555555,Ac56jkP78YG
AT998,Ann,Doe,Doe11ann@gmail.com,5555555555,Ac56jkP78YG
AT999,Ann,Doe,Doe11ann@gmail.com,5555555555,Ac56jkP78YG
AT1000,Ann,Doe,Doe11ann@gmail.com,5555555555,Ac56jkP78YG